{
	"archetype_class":"openEHR-EHR-OBSERVATION.blood_pressure.v1",
	"archetype_details":{
		"data":{
			"at0001":[
				{
					"events":[
						{
							"at0006":{
								"data":{
									"at0003":[
										{
											"items":{
												"at0004":"DATA_NODE::DV_QUANTITY",
												"at0005":"DATA_NODE::DV_QUANTITY",
												"at1006":"DATA_NODE::DV_QUANTITY",
												"at1007":"DATA_NODE::DV_QUANTITY",
												"at0033":"DATA_NODE::DV_TEXT"
											}
										}
									]
								},
								"state":{
									"at0007":[
										{
											"items":{
												"at0008":"DATA_NODE::DV_CODED_TEXT",
												"at1052":"DATA_NODE::DV_TEXT"
											},
											"at1030":"ARCHETYPE_NODE",
											"at1043":"DATA_NODE::DV_CODED_TEXT",
											"at1005":"DATA_NODE::DV_QUANTITY"
										}
									]
								}
							},
							"at1042":"DATA_NODE::MATH_FUNCTION"
						}
					]
				}
			]
		},
		"protocol":{
			"at0011":[
				{
					"items":{
						"at0013":"DATA_NODE::DV_CODED_TEXT",
						"at1033":[
							{
								"items":{
									"at0014":"DATA_NODE::DV_CODED_TEXT",
									"at1034":"DATA_NODE::DV_TEXT"
								}
							}
						],
						"at1035":"DATA_NODE::DV_CODED_TEXT",
						"at1038":"DATA_NODE::DV_TEXT",
						"at1010":"DATA_NODE::DV_CODED_TEXT",
						"at1025":"ARCHETYPE_NODE"
					}
				}
			]
		}
	}
}