{
	"title":"at0000",
	"datatypes":{
		"data":{
			"at0004":{
				"path":"data[at0001]/events[at0006]/data[at0003]/items[at0004]",
				"type":"DV_QUANTITY",
				"attributes":{
					"unit_of_measure":"mm[Hg]",
					"precision":2,
					"range":{
						"min":10,
						"max":180
					}
					
				}
				
			},
			"at0005":{
				"path":"data[at0001]/events[at0006]/data[at0003]/items[at0005]",
				"type":"DV_QUANTITY",
				"attributes":{
					"unit_of_measure":"mm[Hg]",
					"precision":2,
					"range":{
						"min":10,
						"max":180
					}
					
				}
				
			},
			"at1006":{
				"path":"data[at0001]/events[at0006]/data[at0003]/items[at1006]",
				"type":"DV_QUANTITY",
				"attributes":{
					"unit_of_measure":"mm[Hg]",
					"precision":2,
					"range":{
						"min":10,
						"max":180
					}
					
				}
				
			},
			"at1007":{
				"path":"data[at0001]/events[at0006]/data[at0003]/items[at1007]",
				"type":"DV_QUANTITY",
				"attributes":{
					"unit_of_measure":"mm[Hg]",
					"precision":2,
					"range":{
						"min":10,
						"max":180
					}
					
				}
				
			},
			"at0033":{
				"path":"data[at0001]/events[at0006]/data[at0003]/items[at0033]",
				"type":"DV_TEXT",
				"attributes":{
					
				}
				
			}
			
		}
		,
		"state":{
			"at0008":{
				"path":"data[at0001]/events[at0006]/state[at0007]/items[at0008]",
				"type":"DV_CODED_TEXT",
				"attributes":{
					"terminology":"local",
					"options":[
						"at1000",
						"at1001",
						"at1002",
						"at1003",
						"at1014"
					],
					"default":"at1001"
				}
				
			}
			,
			"at1052":{
				"path":"data[at0001]/events[at0006]/state[at0007]/items[at1052]",
				"type":"DV_TEXT",
				"attributes":{
					
				}
				
			}
			
		}
		
	}
}